task_id,backend,status,message,arrival_time,start_time,finish_time,waiting_time,turnaround_time,fidelity,exec_time_est,swap_count
1,fake_brisbane,success,,0,0,0.0008191999999999997,0,0.0008191999999999997,0.9655885070369844,0.0008191999999999997,0
0,fake_hanoi,success,,0,0,0.0016896000000000003,0,0.0016896000000000003,0.9870777147137147,0.0016896000000000003,0
2,fake_hanoi,success,,0,0.0016896000000000003,0.03425280000000007,0.0016896000000000003,0.03425280000000007,0.6789596158607596,0.03256320000000007,0
4,fake_hanoi,success,,0,0.03425280000000007,0.07014400000000015,0.03425280000000007,0.07014400000000015,0.6782806562448989,0.03589120000000008,0
3,fake_brisbane,success,,1,1,1.0237056000000002,0,0.023705600000000215,0.3691698907910935,0.023705600000000146,0
5,fake_brisbane,success,,1,1.0237056000000002,1.0281088000000003,0.023705600000000215,0.028108800000000267,0.7748176364970056,0.0044032,0
6,fake_hanoi,failed,'Number of qubits (30) in ghz is greater than maximum (27) in the coupling_map',1,1,2.0,0,1.0,,,
7,fake_brisbane,success,,5,5,5.0052736,0,0.005273599999999767,0.8427494672348417,0.005273600000000007,0
