task_id,backend,status,message,arrival_time,start_time,finish_time,waiting_time,turnaround_time,fidelity,exec_time_est,swap_count
1,fake_brisbane,success,,0,0,0.0008191999999999997,0,0.0008191999999999997,0.9655885070369844,0.0008191999999999997,0
0,fake_hanoi,success,,0,0,0.0016896000000000003,0,0.0016896000000000003,0.9870777147137147,0.0016896000000000003,0
2,fake_hanoi,success,,0,0.0016896000000000003,0.035584000000000074,0.0016896000000000003,0.035584000000000074,0.6926824413362807,0.033894400000000074,0
4,fake_hanoi,success,,0,0.035584000000000074,0.06814720000000014,0.035584000000000074,0.06814720000000014,0.6789596158607596,0.03256320000000007,0
3,fake_brisbane,success,,1,1,1.0185344,0,0.018534400000000062,0.38694418677575626,0.01853440000000002,0
5,fake_brisbane,success,,1,1.0185344,1.0229376000000001,0.018534400000000062,0.022937600000000113,0.7748176364970056,0.0044032,0
6,fake_hanoi,failed,'Number of qubits (30) in ghz is greater than maximum (27) in the coupling_map',1,1,2.0,0,1.0,,,
7,fake_brisbane,success,,5,5,5.0053248,0,0.0053248000000003515,0.8435930602951368,0.005324800000000007,0
