task_id,backend,status,message,arrival_time,start_time,finish_time,waiting_time,turnaround_time,fidelity,exec_time_est,swap_count
0,fake_brisbane,success,,0,0,0.0008191999999999997,0,0.0008191999999999997,0.9655885070369844,0.0008191999999999997,0
1,fake_brisbane,success,,0,0.0008191999999999997,0.0016383999999999995,0.0008191999999999997,0.0016383999999999995,0.9655885070369844,0.0008191999999999997,0
2,fake_hanoi,success,,0,0,0.03025920000000005,0,0.03025920000000005,0.6681773581762521,0.03025920000000005,0
4,fake_hanoi,success,,0,0.03025920000000005,0.06563840000000012,0.03025920000000005,0.06563840000000012,0.6715282910605703,0.03537920000000008,0
5,fake_brisbane,success,,1,1,1.0044032,0,0.0044032000000000515,0.7748176364970056,0.0044032,0
6,fake_brisbane,success,,1,1.0044032,1.0088064,0.0044032000000000515,0.008806400000000103,0.7748176364970056,0.0044032,0
3,fake_hanoi,success,,1,1,1.033792,0,0.033792000000000044,0.6722004915521225,0.03379200000000008,0
7,fake_brisbane,success,,5,5,5.0057856,0,0.005785600000000279,0.838544138970058,0.0057856000000000105,0
