task_id,backend,status,message,arrival_time,start_time,finish_time,waiting_time,turnaround_time,fidelity,exec_time_est,swap_count
0,fake_brisbane,success,,0,0,0.0008191999999999997,0,0.0008191999999999997,0.9655885070369844,0.0008191999999999997,0
1,fake_brisbane,success,,0,0.0008191999999999997,0.0016383999999999995,0.0008191999999999997,0.0016383999999999995,0.9655885070369844,0.0008191999999999997,0
2,fake_hanoi,success,,0,0,0.03537920000000008,0,0.03537920000000008,0.6715282910605703,0.03537920000000008,0
4,fake_hanoi,success,,0,0.03537920000000008,0.06917120000000015,0.03537920000000008,0.06917120000000015,0.6722004915521225,0.03379200000000008,0
3,fake_brisbane,success,,1,1,1.0219136000000002,0,0.0219136000000002,0.36732772934619257,0.021913600000000102,0
5,fake_brisbane,success,,1,1.0219136000000002,1.0263168000000003,0.0219136000000002,0.02631680000000025,0.7748176364970056,0.0044032,0
6,fake_brisbane,success,,1,1.0263168000000003,1.0307200000000003,0.02631680000000025,0.030720000000000303,0.7748176364970056,0.0044032,0
7,fake_brisbane,success,,5,5,5.0057856,0,0.005785600000000279,0.8335254355400126,0.0057856000000000105,0
